Names,Category,Time_Open,Link,Rating
12 Կտոր Պիցցա,Իտալական,11:00 - 23:00,https://www.menu.am/restaurant/12-ktor-pizza.html,4.3
Քեյ Էֆ Սի ,"Ամերիկյան, Բուրգեր և Սենդվիչ",10:00 - 23:55,https://www.menu.am/restaurant/kfc-mashtots-avenue.html,4.3
Պիցցա Պինո,Իտալական,10:00 - 03:00,https://www.menu.am/restaurant/pizza-pino.html,4.5
Թաուկ,Արևելյան,11:00 - 00:00,https://www.menu.am/restaurant/tawouk.html,4.4
Բելիսիմա բայ Բելլա Իտալիա,Իտալական,11:00 - 23:30,https://www.menu.am/restaurant/bellissima-by-bella-italia.html,4.5
Մուռակամի,Ճապոնական,12:00 - 01:00,https://www.menu.am/restaurant/murakami.html,4.4
Դու Իթ,Առողջ ապրելակերպ,10:00 - 22:00,https://www.menu.am/restaurant/do-eat.html,5
Տանթունի,Արևելյան,10:00 - 22:00,https://www.menu.am/restaurant/tantuni.html,4.2
Զանազան,Արևելյան,11:00 - 00:00,https://www.menu.am/restaurant/zanazan.html,5
Լեդի Ջի Քեյք ,Քաղցրավենիք,09:30 - 18:00,https://www.menu.am/restaurant/lady-g-cake.html,0
Էլեն Քեյք,Քաղցրավենիք,10:00 - 19:00,https://www.menu.am/restaurant/elen-cake.html,5
Էպիկուր,Եվրոպական,10:00 - 00:30,https://www.menu.am/restaurant/epicure.html,3.6
Զառա Ռեստորան,"Ասիական, Հնդկական",11:00 - 22:00,https://www.menu.am/restaurant/zara-restaurant.html,3.7
Մոնրո Ռեստորան,"Եվրոպական, Իտալական",12:00 - 23:30,https://www.menu.am/restaurant/monroe-cafe.html,3.6
Մոն Կաֆե,Եվրոպական,11:00 - 23:00,https://www.menu.am/restaurant/mon-cafe.html,1
Անտառային Ձայներ,Հայկական,10:00 - 01:00,https://www.menu.am/restaurant/antarayin-dzayner.html,2.7
Ջազզվե դեսերտ,"Քաղցրավենիք, Կարկանդակ",10:00 - 22:00,https://www.menu.am/restaurant/jazzve-dessert.html,4.6
Մերի Պարֆյում,Գեղեցկություն և առողջություն,10:30 - 20:30,https://www.menu.am/restaurant/mary-parfum.html,5
Սեյ Չիզ,"Գաստրոնոմ, Եվրոպական",13:00 - 21:00,https://www.menu.am/restaurant/say-cheese.html,0
Emflowers.com,Ծաղիկներ և Փուչիկներ,24 ժամ,https://www.menu.am/restaurant/emflowerscom.html,0
Մեգասպորտ,ՆՎԵՐ ՔԱՐՏԵՐ,10:00 - 22:00,https://www.menu.am/restaurant/megasport-gift-card.html,0
Օլիմպ Սպորտ Սնունդ,Գաստրոնոմ,13:00 - 20:00,https://www.menu.am/restaurant/olimp-sport.html,0
Էլի ս Լահմաջուն,Սիրիական,10:00 - 20:00,https://www.menu.am/restaurant/elie-s-lahmajun.html,4.6
Պիցցա Է Վինո,"Եվրոպական, Իտալական",10:00 - 23:00,https://www.menu.am/restaurant/pizza-e-vino.html,0
Տաք Կճուճ Ֆուդ Կորտ,Իտալական,09:00 - 18:00,https://www.menu.am/restaurant/taq-kchuch-food-court.html,5
ՍԻՍ Նատուրալ,"Արտադրված է Հայաստանում, Գաստրոնոմ, Ըմպելիքներ և Խորտիկներ",09:00 - 18:00,https://www.menu.am/restaurant/sis-natural-yan.html,0
ԱրմԱս,"Արտադրված է Հայաստանում, Ըմպելիքներ և Խորտիկներ",10:00 - 22:00,https://www.menu.am/restaurant/armas.html,0
Էմիլի ծաղկի սրահ,Ծաղիկներ և Փուչիկներ,24 ժամ,https://www.menu.am/restaurant/emily-flower-shop.html,3.4
Ֆեյմըս Կալյան,Նարգիլե և Սիգար,00:00 - 01:30,https://www.menu.am/restaurant/famous-kalyan-new.html,0
Ղարաբաղի Ժենգյալով Հաց,"Արցախյան, Հայկական",09:00 - 19:00,https://www.menu.am/restaurant/gharabaghi-jengyalov-hats.html,4
Հանս ընդ Ֆրանց,"Ամերիկյան, Եվրոպական",12:00 - 00:00,https://www.menu.am/restaurant/hans-and-franz.html,3.5
Թեյք Ուեյ,Հայկական,11:00 - 17:00,https://www.menu.am/restaurant/take-away.html,0
Թումանյան Ֆրեշ,"Ֆրեշ, Պաղպաղակ",11:00 - 02:00,https://www.menu.am/restaurant/tumanyan-fresh.html,0
Ռեդի Լանչիս,Հայկական,09:00 - 18:00,https://www.menu.am/restaurant/ready-lunches.html,0
Պատառիկ,"Քաղցրավենիք, Բուրգեր և Սենդվիչ",08:00 - 18:00,https://www.menu.am/restaurant/patarik.html,0
Չիզի,Եվրոպական,11:00 - 00:00,https://www.menu.am/restaurant/cheesy-cafe.html,5
Գարեջրի խանութ,Գարեջրատուն և Փաբ,11:00 - 23:45,https://www.menu.am/restaurant/beer-shop.html,0
Լա Վիստա,"Եվրոպական, Հայկական",12:00 - 22:00,https://www.menu.am/restaurant/la-vista.html,5
Խմորի Աշխարհ,Հացաբուլկեղեն,09:00 - 15:00,https://www.menu.am/restaurant/world-of-dough.html,5
Էգոիստ,ՆՎԵՐ ՔԱՐՏԵՐ,11:00 - 22:00,https://www.menu.am/restaurant/egoiste-gift-card.html,0
Արտբրիջ Նվեր Քարտ,ՆՎԵՐ ՔԱՐՏԵՐ,10:00 - 23:00,https://www.menu.am/restaurant/artbridge-gift-card.html,0
ՉոկոՅԱՆ,"Քաղցրավենիք, Արտադրված է Հայաստանում",10:00 - 23:00,https://www.menu.am/restaurant/chocoyan.html,0
Կոկո Ֆիորի,Ծաղիկներ և Փուչիկներ,10:00 - 23:00,https://www.menu.am/restaurant/coco-fiori.html,3
Բիր Շոփ Բագրատունյաց,Հայկական,14:30 - 01:00,https://www.menu.am/restaurant/beer-shop-bagratunyac.html,0
Մարիլա Սյունիքի Բարիքներ,"Գաստրոնոմ, Թարմ միս և մսամթերք",09:00 - 20:00,https://www.menu.am/restaurant/marila-syuniqi-bariqner.html,0
Գևորգյան Գինու Գործարան,"Արտադրված է Հայաստանում, Ըմպելիքներ և Խորտիկներ, Հայկական",09:00 - 18:00,https://www.menu.am/restaurant/gevorkian-winery.html,0
Կալաբոկ Քեյք,"Քաղցրավենիք, Եվրոպական",09:00 - 20:00,https://www.menu.am/restaurant/kalabok-cake.html,4.6
Անտարես Գրախանութ,"Արտադրված է Հայաստանում, Գրքեր, Եվրոպական",10:00 - 19:30,https://www.menu.am/restaurant/antares-bookstore.html,5
Գարեջրի Ակադեմիա,Եվրոպական,12:00 - 22:30,https://www.menu.am/restaurant/beer-academy.html,2.7
Քոֆի Հաուս,Սուրճ և Թեյ,09:00 - 20:00,https://www.menu.am/restaurant/coffee-house.html,0
Լիմոնե,Իտալական,11:00 - 23:30,https://www.menu.am/restaurant/limone.html,2.7
Կաֆե Եգեր,Գերմանական,11:00 - 00:00,https://www.menu.am/restaurant/cafe-jager.html,0
Ֆուրշետ Բուֆետ,"Լանչ, Նախաճաշ",11:00 - 19:30,https://www.menu.am/restaurant/fourchette-buffet.html,3.2
Էքսպրես Պանդա,"Չինական, Ասիական",10:30 - 23:30,https://www.menu.am/restaurant/express-panda.html,3
Սթեյքի Շաուրմա,Հայկական,09:30 - 23:00,https://www.menu.am/restaurant/steak-shawarma.html,0
Արև Յոգա Նվեր Քարտ,ՆՎԵՐ ՔԱՐՏԵՐ,10:30 - 20:00,https://www.menu.am/restaurant/arev-yoga-gift-card.html,0
Դե լա Ռոզ,Ծաղիկներ և Փուչիկներ,10:00 - 00:00,https://www.menu.am/restaurant/de-la-rose.html,3
Կակտուս,Մեքսիկական,10:00 - 00:00,https://www.menu.am/restaurant/cactus.html,4.6
Պասիֆլորա,Ծաղիկներ և Փուչիկներ,24 ժամ,https://www.menu.am/restaurant/pasion-flower.html,3.3
Մոն Ամի,Ծաղիկներ և Փուչիկներ,24 ժամ,https://www.menu.am/restaurant/mon-amie.html,5
Պռոշյանի Կոնյակի Գործարան,"Գաստրոնոմ, Ըմպելիքներ և Խորտիկներ",10:00 - 22:30,https://www.menu.am/restaurant/proshyan-brandy-factory.html,5
Բոնիտո,"Քաղցրավենիք, Եվրոպական",09:00 - 18:00,https://www.menu.am/restaurant/bonito.html,4.9
Ֆլաուեր Մարկետ,Ծաղիկներ և Փուչիկներ,24 ժամ,https://www.menu.am/restaurant/flower-market.html,4.4
Ապարան Ջուր,Ըմպելիքներ և Խորտիկներ,12:00 - 17:00,https://www.menu.am/restaurant/aparan-water.html,5
Գրանդ Փըթեյթո Երևան մոլլ,Եվրոպական,12:00 - 22:00,https://www.menu.am/restaurant/grand-potato.html,5
Պաուլաներ,"Գերմանական, Եվրոպական",11:00 - 23:45,https://www.menu.am/restaurant/paulaner.html,3
Արևելյան Խոհանոց,Արևելյան,24 ժամ,https://www.menu.am/restaurant/eastern-cuisine.html,4.3
Լագոնիտ,Արևելյան,10:00 - 23:00,https://www.menu.am/restaurant/lagonid.html,4.6
Մալօկկօ թխվածք և ավելին,Քաղցրավենիք,11:00 - 00:30,https://www.menu.am/restaurant/malocco-pastry-and-more.html,4.7
Փարթիտտո,Ծաղիկներ և Փուչիկներ,09:30 - 21:00,https://www.menu.am/restaurant/partytto.html,4.9
Դերյան Ռեստորան,Արևելյան,12:00 - 21:00,https://www.menu.am/restaurant/derian-kebab-byuzand.html,0
Մալօկկօ Կաֆե,Եվրոպական,10:00 - 23:30,https://www.menu.am/restaurant/malocco-cafe-tamanyan.html,4.3
Չարենցի 28,"Արևելյան, Եվրոպական",12:00 - 23:00,https://www.menu.am/restaurant/charentsi_28.html,4.5
Ժակո,Արևելյան,11:15 - 23:30,https://www.menu.am/restaurant/jaco.html,3.9
Պիցցա Դի Ռոմա,"Եվրոպական, Իտալական",10:30 - 00:00,https://www.menu.am/restaurant/pizza-di-roma.html,4.3
Աբու Հակոբ Պուշկին,Արևելյան,11:00 - 03:00,https://www.menu.am/restaurant/abu-hagop-pushkin.html,4.6
Պեկին Կասկադ,"Չինական, Ասիական",12:00 - 21:00,https://www.menu.am/restaurant/beijing-cascade.html,4
Հալապենո Երևան մոլլ,Մեքսիկական,12:00 - 21:00,https://www.menu.am/restaurant/jalapeno.html,3.3
Քոֆիշոփ Քոմփնի,"Եվրոպական, Սուրճ և Թեյ",08:00 - 02:00,https://www.menu.am/restaurant/coffeeshop.html,3.2
Դոկա Պիցցա ,"Պիցցա, Եվրոպական, Իտալական",24 ժամ,https://www.menu.am/restaurant/doka-pizza.html,3.9
Պանացեա,"Գաստրոնոմ, Ըմպելիքներ և Խորտիկներ",11:00 - 22:00,https://www.menu.am/restaurant/panatsea.html,5
Գրին Դեյ,"Քաղցրավենիք, Գաստրոնոմ, Ըմպելիքներ և Խորտիկներ, Սուրճ և Թեյ",10:00 - 17:00,https://www.menu.am/restaurant/green-day.html,5
Չոկո,"Ծաղիկներ և Փուչիկներ, Քաղցրավենիք",10:00 - 18:30,https://www.menu.am/restaurant/choco.html,5
Ֆեյսֆուդ,"Արևելյան, Եվրոպական",11:00 - 21:00,https://www.menu.am/restaurant/facefood.html,4.6
Արարատ Վյու Գարդեն,Հայկական,11:00 - 23:30,https://www.menu.am/restaurant/ararat-view-garden.html,4.5
Ջուվենա Ֆլաուերս,Ծաղիկներ և Փուչիկներ,09:00 - 21:00,https://www.menu.am/restaurant/juwena-flowers.html,3
Լա Ֆլյուր,"Ծաղիկներ և Փուչիկներ, Եվրոպական",09:00 - 00:00,https://www.menu.am/restaurant/la-fleur.html,4
Մեծ Բուրգ,Հայկական,10:00 - 00:00,https://www.menu.am/restaurant/mets-burg.html,5
Մասիվի Լահմաջո,"Լահմաջո, Կարկանդակ",11:00 - 23:59,https://www.menu.am/restaurant/masivi-lahmajo.html,4.6
Աչաջուր,"Եվրոպական, Ֆրանսիական",10:00 - 22:00,https://www.menu.am/restaurant/achajour.html,1.3
Մամ,Արտադրված է Հայաստանում,09:00 - 00:00,https://www.menu.am/restaurant/mam.html,0
Թայմ Դալմա Գարդեն մոլ,ՆՎԵՐ ՔԱՐՏԵՐ,12:00 - 22:00,https://www.menu.am/restaurant/time-gift-card.html,5
Պանդորա Դալմա Մոլլ,ՆՎԵՐ ՔԱՐՏԵՐ,12:00 - 22:00,https://www.menu.am/restaurant/pandora-gift-card.html,0
Սիամուդս,ՆՎԵՐ ՔԱՐՏԵՐ,12:00 - 22:00,https://www.menu.am/restaurant/siamoods-gift-card.html,0
Լինզ Էքսպրեսս Դալմա Գարդեն մոլլ,Կոնտակտային ոսպնյակներ,12:00 - 22:00,https://www.menu.am/restaurant/linz-express.html,0
Արմ Հուկա,Նարգիլե և Սիգար,11:00 - 05:00,https://www.menu.am/restaurant/armhookah.html,5
Գուրման Ֆուդ,Եվրոպական,09:00 - 01:00,https://www.menu.am/restaurant/gurman-salad.html,2.5
Էն Սվիթ Ստուդիո,Քաղցրավենիք,10:00 - 20:00,https://www.menu.am/restaurant/n-sweet-studio.html,0
Ֆլորանս,Ծաղիկներ և Փուչիկներ,Փակ է,https://www.menu.am/restaurant/florans-flower.html,0
Սուշի Վոկ,Ճապոնական,10:30 - 23:30,https://www.menu.am/restaurant/sushi-wok.html,4.3
ԲիԷլլա,"Թարմ միս և մսամթերք, Կիսաֆաբրիկատներ",09:00 - 18:00,https://www.menu.am/restaurant/biella.html,0
Թոնրատուն Ոսկե Աքաղաղ,Հայկական,10:00 - 23:00,https://www.menu.am/restaurant/tonratun-voske-aqaghagh.html,4
Պնդուկ,Գաստրոնոմ,Փակ է,https://www.menu.am/restaurant/pnduk.html,0
Սվարովսկի,ՆՎԵՐ ՔԱՐՏԵՐ,11:00 - 20:00,https://www.menu.am/restaurant/swarovski-gift-card.html,0
Մագա Ծաղկի Սրահ,Ծաղիկներ և Փուչիկներ,24 ժամ,https://www.menu.am/restaurant/maga-flower-boutique.html,4.1
Էյֆել,ՆՎԵՐ ՔԱՐՏԵՐ,10:00 - 20:00,https://www.menu.am/restaurant/eiffel-gift-cards.html,0
Ալֆա Ֆարմ Նվեր քարտ,ՆՎԵՐ ՔԱՐՏԵՐ,24 ժամ,https://www.menu.am/restaurant/alfa-pharm-gift-card.html,1
Դառգետ,Եվրոպական,11:00 - 23:00,https://www.menu.am/restaurant/dargett.html,4.4
Դը Քորներ Սրճարան,Եվրոպական,10:00 - 21:00,https://www.menu.am/restaurant/the-corner.html,5
Anahit.am,Ծաղիկներ և Փուչիկներ,Փակ է,https://www.menu.am/restaurant/anahitam.html,3.4
Փարթի Թայմ,Ծաղիկներ և Փուչիկներ,10:00 - 18:00,https://www.menu.am/restaurant/party-time.html,5
Սեգաֆրեդո,"Եվրոպական, Սուրճ և Թեյ, Իտալական",10:00 - 20:00,https://www.menu.am/restaurant/segafredo-zanetti.html,5
Արտ Լանչ,"Լանչ, Հայկական",11:00 - 17:00,https://www.menu.am/restaurant/art-lunch.html,4.4
Հին Ջրվեժ,Հայկական,10:00 - 23:00,https://www.menu.am/restaurant/old-jrvezh.html,3.4
Լիփ Լիք Քեյքս,Քաղցրավենիք,10:00 - 20:00,https://www.menu.am/restaurant/lip-lick-cakes.html,4
Սալատ Հաուս,"Կիսաֆաբրիկատներ, Լանչ",10:00 - 21:00,https://www.menu.am/restaurant/salad-house.html,3
Արաքս Քեյք,Քաղցրավենիք,10:00 - 20:00,https://www.menu.am/restaurant/araks-cake.html,2.8
Ինորի,ՆՎԵՐ ՔԱՐՏԵՐ,11:00 - 23:00,https://www.menu.am/restaurant/inori-gift-card.html,0
Սվոչ,ՆՎԵՐ ՔԱՐՏԵՐ,10:00 - 20:00,https://www.menu.am/restaurant/swatch-gift-cards.html,0
Բրիոշ,"Եվրոպական, Ֆրանսիական",09:00 - 00:00,https://www.menu.am/restaurant/brioche.html,4.5
Վասաբի Ֆաստ Ֆուդ Դալմա մոլլ,"Ասիական, Ճապոնական",10:00 - 22:00,https://www.menu.am/restaurant/wasabi-noodles-rice-and-more.html,3.4
Թաբուլե,Արևելյան,12:00 - 22:00,https://www.menu.am/restaurant/taboule.html,4.4
Ժենգյալով հաց,Հայկական,11:00 - 21:30,https://www.menu.am/restaurant/jengyalov-hats.html,4.3
Դան Դեսերտ,Քաղցրավենիք,11:00 - 19:00,https://www.menu.am/restaurant/dan-dessert.html,4.6
Սքուեր Ուան,"Անգլիական, Ամերիկյան",10:00 - 20:00,https://www.menu.am/restaurant/square-one.html,3.7
Բիրբուրգ Գարեջրատուն,Գարեջրատուն և Փաբ,12:00 - 23:00,https://www.menu.am/restaurant/beerburg-beer-house.html,3.4
Էնի Ռոուզ,Ծաղիկներ և Փուչիկներ,24 ժամ,https://www.menu.am/restaurant/any-rose.html,5
Քրամբս,"Բուրգեր և Սենդվիչ, Հացաբուլկեղեն",09:00 - 21:00,https://www.menu.am/restaurant/crumbs-mashtots.html,4.8
Բագետ էնդ Կո,Ֆրանսիական,09:00 - 19:00,https://www.menu.am/restaurant/baguette-and-co.html,4.3
Ֆլորեքս,Ծաղիկներ և Փուչիկներ,10:00 - 19:00,https://www.menu.am/restaurant/florex.html,5
Սմուզի,"Ֆրեշ, Պաղպաղակ",10:00 - 00:00,https://www.menu.am/restaurant/smoothie.html,3.4
Աբխազական գրիլ,"Հայկական, Վրացական",11:00 - 22:50,https://www.menu.am/restaurant/abkhazian-grill.html,4.3
Քրիստի Ծաղկի Սրահ,Ծաղիկներ և Փուչիկներ,08:00 - 00:00,https://www.menu.am/restaurant/qristi-flowers-salon.html,3.6
ՎՍ,"Գաստրոնոմ, Կիսաֆաբրիկատներ",11:00 - 18:00,https://www.menu.am/restaurant/vs.html,0
Ջազզվե Թու Գոու Կոֆի ,"Սուրճ և Թեյ, Ֆրեշ, Պաղպաղակ",10:00 - 23:00,https://www.menu.am/restaurant/jazzve-to-go-coffee.html,1
Բաֆֆլս Երևան Մոլլ,"Քաղցրավենիք, Ֆրեշ, Պաղպաղակ",12:00 - 22:00,https://www.menu.am/restaurant/baffles.html,5
Բուլդոգ,Ամերիկյան,11:00 - 00:00,https://www.menu.am/restaurant/bulldog.html,4.2
Ֆրեշ Հաուս,"Սուրճ և Թեյ, Ֆրեշ, Պաղպաղակ",12:00 - 21:00,https://www.menu.am/restaurant/fresh-house-opera.html,5
Տնակ Հացատուն,Հայկական,10:00 - 21:30,https://www.menu.am/restaurant/tavern-tnak.html,4
Կարաս Մաշտոցի 20,Հայկական,24 ժամ,https://www.menu.am/restaurant/karas-mashtots.html,4.3
Բլեք Անգուս,Ամերիկյան,09:00 - 04:00,https://www.menu.am/restaurant/black-angus.html,4.6
Բուրգեր Քինգ Հյուսիսային պողոտա,Ամերիկյան,10:00 - 22:00,https://www.menu.am/restaurant/burger-king-northern-ave.html,4.3
Դեսիգուալ Դալմա Գարդեն Մոլլ,ՆՎԵՐ ՔԱՐՏԵՐ,12:00 - 22:00,https://www.menu.am/restaurant/desigual-dalma-garden-mall.html,0
Կլասիկ Բուրգեր Տերյան,Ամերիկյան,10:00 - 02:00,https://www.menu.am/restaurant/classic-burger-teryan.html,4.8
Դը Պարկ,"Եվրոպական, Իտալական",12:00 - 23:00,https://www.menu.am/restaurant/the-park.html,4
Ջանո,Արևելյան,11:00 - 23:00,https://www.menu.am/restaurant/jano.html,4.3
Կառնուտ Շաուրմա,Շաուրմա,24 ժամ,https://www.menu.am/restaurant/karnut-shaurma.html,4.9
Վերնիանո,"Սուրճ և Թեյ, Իտալական",10:00 - 22:00,https://www.menu.am/restaurant/vergnano.html,1.5
Հեմինգուեյս,"Ըմպելիքներ և Խորտիկներ, Գարեջրատուն և Փաբ",12:00 - 04:00,https://www.menu.am/restaurant/hemingways-pub.html,0
Կանտատա,Սուրճ և Թեյ,10:00 - 22:00,https://www.menu.am/restaurant/cantata.html,0
Կարմիր Գլխարկ,"Քաղցրավենիք, Կարկանդակ",10:00 - 21:00,https://www.menu.am/restaurant/karmir-glkhark.html,4.2
Դոլչետտո,Ծաղիկներ և Փուչիկներ,08:20 - 22:00,https://www.menu.am/restaurant/dolchetto.html,0.5
Լա Բուլանժերի դե Փարիզ Դալմա մոլլ,"Սուրճ և Թեյ, Ֆրանսիական",12:00 - 22:00,https://www.menu.am/restaurant/la-boulangerie-de-paris.html,5
Էլ Գարդեն,Հայկական,10:00 - 23:00,https://www.menu.am/restaurant/el-garden.html,0
Բրաբիոն,Ծաղիկներ և Փուչիկներ,08:30 - 19:00,https://www.menu.am/restaurant/brabion.html,3.9
Պեչկա Սլոյկա,"Կիսաֆաբրիկատներ, Կարկանդակ",09:00 - 18:00,https://www.menu.am/restaurant/pechka-sloyka.html,0
Տնական գյուղմթերք,"Գաստրոնոմ, Հայկական",08:00 - 21:00,https://www.menu.am/restaurant/tnakan-gyughmterq.html,4
Գրին Բին,Եվրոպական,09:00 - 22:00,https://www.menu.am/restaurant/the-green-bean.html,4.3
Արտբրիջ,Եվրոպական,10:00 - 23:00,https://www.menu.am/restaurant/artbridge.html,5
Այնթապ Հրուշակեղեն,"Քաղցրավենիք, Արևելյան",10:00 - 23:00,https://www.menu.am/restaurant/anteb-sweet.html,2.8
Լայֆ Ֆուդ,"Առողջ ապրելակերպ, Եվրոպական",09:30 - 18:00,https://www.menu.am/restaurant/life-food.html,4.5
Ֆլոր դե Սթար,Ծաղիկներ և Փուչիկներ,09:00 - 00:00,https://www.menu.am/restaurant/flor-de-star.html,3
Իմպրեսսո,"Եվրոպական, Սուրճ և Թեյ",09:30 - 00:00,https://www.menu.am/restaurant/impresso.html,0
Լա Ֆլոր,Ծաղիկներ և Փուչիկներ,08:00 - 22:30,https://www.menu.am/restaurant/la-flor.html,4
Մեգա Թոյս,ՆՎԵՐ ՔԱՐՏԵՐ,11:00 - 20:00,https://www.menu.am/restaurant/mega-toys-gift-card.html,0
Մայ Լանչ,"Լանչ, Հայկական",09:00 - 19:00,https://www.menu.am/restaurant/my-lunch.html,3
Վինո & Վինո,Ըմպելիքներ և Խորտիկներ,10:00 - 20:00,https://www.menu.am/restaurant/vino-and-vino.html,5
Nvirir.net,Ծաղիկներ և Փուչիկներ,10:00 - 21:00,https://www.menu.am/restaurant/nvirirnet.html,3
Գնդիկ Բոքոնիկ Լահմաջո,Լահմաջո,24 ժամ,https://www.menu.am/restaurant/gndik-boqonik-lahmajo.html,4.3
Կինոլոգիական Միություն,Ընտանի կենդանիների կերեր,10:00 - 20:00,https://www.menu.am/restaurant/cynological-union.html,4.5
Վահագնի Ռեստորան,"Եվրոպական, Հայկական",12:00 - 21:00,https://www.menu.am/restaurant/the-vahakni-restaurant.html,0
Նարինե Ջելլի Տորթ,"Քաղցրավենիք, Եվրոպական",11:00 - 00:00,https://www.menu.am/restaurant/narine-jelly.html,0
Թի ընդ Քոֆի Պլանետ,Սուրճ և Թեյ,09:30 - 21:30,https://www.menu.am/restaurant/tea-and-coffee-planet.html,0
Էվն Գիֆթս,"Քաղցրավենիք, Եվրոպական",10:00 - 19:00,https://www.menu.am/restaurant/evn-gifts.html,4.5
Մանե Բար,Իտալական,12:00 - 23:00,https://www.menu.am/restaurant/mane-bar.html,5
Ոզնի,Հայկական,10:00 - 22:00,https://www.menu.am/restaurant/vozni.html,0
Տոգաս Դալմա Գարդեն մոլ,ՆՎԵՐ ՔԱՐՏԵՐ,12:00 - 22:00,https://www.menu.am/restaurant/togas-gift-card.html,0
Նոմի մանկական կոսմետիկա,Գեղեցկություն և առողջություն,10:00 - 20:00,https://www.menu.am/restaurant/nomi-cosmetics.html,0
Բայազետ,Թարմ միս և մսամթերք,09:00 - 18:00,https://www.menu.am/restaurant/bayazet.html,1
Փինկ Բերրի,"Քաղցրավենիք, Սուրճ և Թեյ, Ֆրեշ, Պաղպաղակ",10:00 - 22:00,https://www.menu.am/restaurant/pink-berry.html,1
Շաուրմա Խչոյի մոտ,"Խորոված, քյաբաբ, Շաուրմա",09:30 - 23:30,https://www.menu.am/restaurant/shawarma-khchoyi-mot.html,4.4
Ռենա,Հայկական,11:00 - 22:30,https://www.menu.am/restaurant/rena-restaurant.html,3
Մարիաննա Ֆուդ,Կիսաֆաբրիկատներ,24 ժամ,https://www.menu.am/restaurant/marianna-food.html,0
Կոֆիսթորի,"Եվրոպական, Սուրճ և Թեյ",10:00 - 23:00,https://www.menu.am/restaurant/coffeestory.html,3
Ածուխ Թոնրատուն,Հայկական,10:30 - 23:00,https://www.menu.am/restaurant/atsukh-tonratun.html,4.6
Սքայ Հոթ Դոգ,Ամերիկյան,10:00 - 22:00,https://www.menu.am/restaurant/sky-hot-dog.html,5
Մոլինարի Երևան մոլլ,"Սուրճ և Թեյ, Իտալական",12:00 - 22:00,https://www.menu.am/restaurant/molinari-caffe.html,0.5
Բալատուն,"Քաղցրավենիք, Հացաբուլկեղեն",11:00 - 22:00,https://www.menu.am/restaurant/balatoon-cherry-house.html,3.5
Ֆիոնա Ֆլորա,Ծաղիկներ և Փուչիկներ,07:30 - 00:00,https://www.menu.am/restaurant/fiona-flora.html,5
Լակի Դեսերտ,Քաղցրավենիք,10:00 - 19:00,https://www.menu.am/restaurant/laki-dessert-art-studio.html,5
Փափայա,Քաղցրավենիք,10:00 - 20:00,https://www.menu.am/restaurant/papaya.html,0.8
Սիննաբոն,"Քաղցրավենիք, Բուրգեր և Սենդվիչ, Սուրճ և Թեյ",11:00 - 23:30,https://www.menu.am/restaurant/cinnabon.html,4.4
Մեղրատուն,"Քաղցրավենիք, Գաստրոնոմ",09:30 - 22:00,https://www.menu.am/restaurant/honey-house.html,0
Սորրիզո,Իտալական,11:00 - 22:00,https://www.menu.am/restaurant/sorriso.html,2.2
Աբու Հակոբ ռեստորան,Արևելյան,12:00 - 22:30,https://www.menu.am/restaurant/abu-hagop-restaurant.html,3.5
Ժակո Նարգիլե,Նարգիլե և Սիգար,11:15 - 23:30,https://www.menu.am/restaurant/jaco-hookah.html,5
Լահմաջո,Արևելյան,10:00 - 19:00,https://www.menu.am/restaurant/lahmajun.html,4.4
Լայֆ Սրճարան,Եվրոպական,10:00 - 22:00,https://www.menu.am/restaurant/life-cafe.html,3
Կրեպ,Քաղցրավենիք,12:00 - 21:45,https://www.menu.am/restaurant/crepe.html,2.7
Երևանի Խաչապուրի հացատուն,"Արցախյան, Հայկական",09:00 - 21:00,https://www.menu.am/restaurant/yerevani-khachapuri-hatsatun.html,2.9
Գուստո,Իտալական,10:00 - 22:00,https://www.menu.am/restaurant/gusto.html,3.8
Հակեր-Փշոր Գրիլ Հաուս,Եվրոպական,11:00 - 23:00,https://www.menu.am/restaurant/hacker-pschorr-grill-house.html,1.8
Հալդի.Կո Սուրճ կամ Թեյ,Սուրճ և Թեյ,10:00 - 23:00,https://www.menu.am/restaurant/haldico-coffee-or-tea.html,0
Ավենյու դե Ֆլյող,Ծաղիկներ և Փուչիկներ,24 ժամ,https://www.menu.am/restaurant/avenu-des-fleurs.html,2
Ռոսսի,Քաղցրավենիք,10:00 - 16:00,https://www.menu.am/restaurant/rossi-dessert-komitas.html,3
ՋԻՋԻՍ Պիցցա,Եվրոպական,11:00 - 20:00,https://www.menu.am/restaurant/ggs-pizza.html,4.6
Քարավանսարա,Արևելյան,11:00 - 22:00,https://www.menu.am/restaurant/qaravansara.html,3.8
Սանտա Ֆամիլիա,"Գաստրոնոմ, Թարմ միս և մսամթերք, Կիսաֆաբրիկատներ",09:00 - 22:00,https://www.menu.am/restaurant/santa-familia.html,0
Ծղոտներ,"Եվրոպական, Հայկական",24 ժամ,https://www.menu.am/restaurant/tsghotner.html,4.3
Անջելո Հաց,"Քաղցրավենիք, Կիսաֆաբրիկատներ",09:00 - 23:00,https://www.menu.am/restaurant/angelo.html,0
Ֆիլոմենա ,Ծաղիկներ և Փուչիկներ,10:30 - 00:00,https://www.menu.am/restaurant/filomena-flowers.html,5
Սուշի Մուշի,"Ասիական, Ճապոնական",24 ժամ,https://www.menu.am/restaurant/sushi-mushi.html,4.1
Կառմա,"Ասիական, Հնդկական",11:00 - 23:30,https://www.menu.am/restaurant/karma.html,4.1
Ին Վինո,Ըմպելիքներ և Խորտիկներ,11:00 - 23:30,https://www.menu.am/restaurant/in-vino.html,5
Նովելլա Ֆուդ,Հայկական,10:00 - 22:00,https://www.menu.am/restaurant/novella-food.html,0
Բի Ֆրեշ,"Ֆրեշ, Պաղպաղակ",11:00 - 23:00,https://www.menu.am/restaurant/be-fresh.html,5
Ռաֆայել Մարկետ-Թոնրատուն,Հայկական,10:00 - 22:00,https://www.menu.am/restaurant/rafayel-market-tonratun.html,4
Մանղալ Քլաբ,Հայկական,10:00 - 22:00,https://www.menu.am/restaurant/manghal-club.html,5
Լանգետ Թայմ,Ամերիկյան,09:30 - 00:00,https://www.menu.am/restaurant/langet-time.html,0
Manghal.am,Հայկական,11:00 - 23:30,https://www.menu.am/restaurant/manghalam.html,0
Սենսեյ Սուշի Բար,Ճապոնական,Փակ է,https://www.menu.am/restaurant/sensei-sushi-bar.html,2
Էթնոլոֆթ,Հայկական,10:00 - 00:00,https://www.menu.am/restaurant/ethnoloft.html,0
Ուզբեչկա,Արևելյան,11:00 - 23:30,https://www.menu.am/restaurant/uzbechka.html,5
Արտիսան Աութ,Եվրոպական,11:00 - 22:00,https://www.menu.am/restaurant/artisan-out.html,3
Չայխոնա,Արևելյան,11:00 - 23:00,https://www.menu.am/restaurant/chaihona.html,5
Գաթա Պանդոկ,Հայկական,12:00 - 20:00,https://www.menu.am/restaurant/gata-pandok.html,5
Էսպրես Իթ բայ Քոֆիշոփ,Եվրոպական,09:00 - 00:00,https://www.menu.am/restaurant/espress-it.html,0
Արմատ Կաֆե Ռեստորան,Եվրոպական,10:00 - 23:00,https://www.menu.am/restaurant/armat-cafe-restaurant.html,0
Բարբիքյու Հաուս,Հայկական,10:00 - 22:00,https://www.menu.am/restaurant/barbeque-house.html,0
Ջի Էմ ս Սրճարան,Եվրոպական,12:00 - 00:00,https://www.menu.am/restaurant/gm-s-cafe.html,5
Qyabab.am,Հայկական,10:00 - 22:00,https://www.menu.am/restaurant/qyababam.html,3.7
Լաթար,Եվրոպական,10:00 - 20:00,https://www.menu.am/restaurant/latar.html,0
Տուշպա,Արտադրված է Հայաստանում,Փակ է,https://www.menu.am/restaurant/tushpa.html,0
Մինիսո,Կենցաղային և տնտեսական պարագաներ,11:00 - 22:00,https://www.menu.am/restaurant/miniso.html,4.4
Իթ Միթ Ռեստորան,Եվրոպական,11:00 - 22:00,https://www.menu.am/restaurant/eat-meat-restaurant.html,1
Վերնիանո 1882 Խանութ,Սուրճ և Թեյ,10:00 - 18:00,https://www.menu.am/restaurant/vergnano-1882-shop.html,0
Դարք Քիթչն,Իտալական,10:00 - 22:00,https://www.menu.am/restaurant/dark-kitchen.html,0
Sushi.am,Ճապոնական,12:00 - 03:00,https://www.menu.am/restaurant/sushiam.html,0
Կորիզ,Իտալական,11:00 - 21:50,https://www.menu.am/restaurant/koriz.html,4.5
Առագաստ,Եվրոպական,10:00 - 20:00,https://www.menu.am/restaurant/aragast.html,0
ՊաՊա Պիցցա,Իտալական,10:00 - 01:00,https://www.menu.am/restaurant/papa-pizza.html,4.5
Պեկին,"Չինական, Ճապոնական",11:00 - 23:45,https://www.menu.am/restaurant/beijing.html,4.4
Վասաբի,"Ասիական, Ճապոնական",12:00 - 01:00,https://www.menu.am/restaurant/wasabi.html,4.2
Թումանյան շաուրմա,"Խորոված, քյաբաբ, Շաուրմա",24 ժամ,https://www.menu.am/restaurant/tumanyan-shaurma.html,4
Ջան Բուրգեր,Ամերիկյան,11:00 - 23:45,https://www.menu.am/restaurant/jan-burger.html,0
Մաչիտո Պիցցա ընդ Գրիլ,Իտալական,10:00 - 23:00,https://www.menu.am/restaurant/machito-pizza-and-grill.html,0
Բար-Բառ Ռեստորան,Հայկական,11:00 - 21:30,https://www.menu.am/restaurant/barbar-bar-and-restaurant.html,0
Բնատուր Խնամքի Միջոցներ,Գեղեցկություն և առողջություն,10:00 - 19:00,https://www.menu.am/restaurant/bnatur-care-products.html,0
Սուշի Շեֆ,Ճապոնական,11:00 - 23:00,https://www.menu.am/restaurant/sushi-chef.html,5
Ռաֆս ֆուդ Կիսաֆաբրիկատներ,Կիսաֆաբրիկատներ,10:00 - 22:00,https://www.menu.am/restaurant/rafs-food-semi-cooked-products.html,0
Փիդե,Արևելյան,10:30 - 00:00,https://www.menu.am/restaurant/pideh.html,5
Յամմի Պիցցա,Իտալական,11:00 - 23:00,https://www.menu.am/restaurant/yummy-pizza.html,0
Չիք Էն Չեք,Ամերիկյան,Փակ է,https://www.menu.am/restaurant/chick-n-chek.html,0
Հայաթ Փլեյս Ռեստորան,Եվրոպական,09:00 - 21:00,https://www.menu.am/restaurant/hyatt-place-yerevan.html,0
Գալակտիկուս,Իտալական,11:00 - 22:00,https://www.menu.am/restaurant/galacticus.html,0
Էլ Հալապենյոս Մեգամոլ,Մեքսիկական,11:00 - 21:00,https://www.menu.am/restaurant/el-jalapenos.html,0
Ռիո Բար,Եվրոպական,18:00 - 23:30,https://www.menu.am/restaurant/rio-bar.html,0
Ջեռոց,Իտալական,11:00 - 21:30,https://www.menu.am/restaurant/jerots.html,0
Դայմնդ Ռեստորան,Եվրոպական,10:00 - 00:00,https://www.menu.am/restaurant/diamond-restaurant.html,5
Խինկալի Փարթի,Վրացական,10:00 - 00:00,https://www.menu.am/restaurant/khinkali-party.html,0
Եգիպտական Շաուրմա,Ասիական,09:00 - 20:00,https://www.menu.am/restaurant/egyptian-shawarma.html,0
Ամրոց Հացատուն,Հայկական,10:00 - 00:00,https://www.menu.am/restaurant/amrots-hatsatun.html,0
Ջոկեր Ջոյ Հաուս,Եվրոպական,11:00 - 22:00,https://www.menu.am/restaurant/joker-joy-house.html,0
Ֆաբրիկա Ռեստորան,Եվրոպական,11:00 - 00:00,https://www.menu.am/restaurant/fabrica-restaurant.html,1
Գենացվալե Պանդոկ,Վրացական,10:00 - 22:00,https://www.menu.am/restaurant/genacvale-pandok-paronyan.html,4.2
Արտ-Մար Թոնրատուն,Հայկական,10:00 - 21:00,https://www.menu.am/restaurant/art-mar-tonratun.html,4.8
Թայվայն Ռեփաբլիկ,Թայլանդական,12:00 - 21:30,https://www.menu.am/restaurant/thaiwine-republic.html,3.5
Բուրգերինգ,Ամերիկյան,12:00 - 20:30,https://www.menu.am/restaurant/burgering.html,0
Ամեն ինչի առաքում,Լավ առաջարկ,24 ժամ,https://www.menu.am/restaurant/delivery-of-anything.html,5
Վինյառդ Ռեստորան,Իտալական,12:00 - 20:00,https://www.menu.am/restaurant/the-vineyard-restaurant.html,0
Չարլիզա,Եվրոպական,10:00 - 22:00,https://www.menu.am/restaurant/charlisa.html,0
Բիստրո Ջրբաշյան,Արևելյան,10:00 - 22:00,https://www.menu.am/restaurant/bistro-jrbashyan.html,0
Ալավերդու Գարեջուր,Հայկական,14:00 - 23:00,https://www.menu.am/restaurant/alaverdi-beer.html,0
Սուշի Գարդեն,Ճապոնական,11:00 - 00:00,https://www.menu.am/restaurant/sushi-garden.html,5
Հին Մոնումենտ Ռեստորան,Հայկական,11:00 - 23:59,https://www.menu.am/restaurant/old-monument.html,0
Ֆուդ ֆոր Ֆեմիլի,Եվրոպական,11:00 - 23:00,https://www.menu.am/restaurant/food-for-family.html,0
Սթրիթ Ֆուդ,Հայկական,11:00 - 00:00,https://www.menu.am/restaurant/street-food.html,0
Լահմաջո Հաուս,"Արևելյան, Հայկական",10:00 - 00:00,https://www.menu.am/restaurant/lahmadjo-house.html,5
Բատոն,Հայկական,10:00 - 00:00,https://www.menu.am/restaurant/baton.html,0
Պիցցա Րիփաբլիք,Իտալական,11:00 - 23:00,https://www.menu.am/restaurant/pizza-republic.html,0
Հին Տուն Ռեստորան,Հայկական,10:00 - 22:00,https://www.menu.am/restaurant/the-old-house-restaurant.html,0
Ավենյու դե Փարիզ,"Եվրոպական, Ֆրանսիական",09:30 - 00:00,https://www.menu.am/restaurant/avenue-de-paris.html,0
Տաք-տաք Բիստրո,Արևելյան,10:00 - 20:00,https://www.menu.am/restaurant/taq-taq-bistro.html,5
Healthy Box by Առողջ Սնունդ,Առողջ ապրելակերպ,11:00 - 19:00,https://www.menu.am/restaurant/healthy-box-by-aroghj-snund.html,0
Դոս Ամիգոս,Մեքսիկական,11:00 - 00:00,https://www.menu.am/restaurant/dos-amigos.html,4.7
Դոլմա,Հայկական,11:00 - 23:00,https://www.menu.am/restaurant/dolma.html,4.3
Ալ Ֆոռնո Պիցցերիա,Իտալական,11:00 - 23:00,https://www.menu.am/restaurant/al-forno-pizzeria.html,4.4
Պուշկինի Ղարս,Արևելյան,10:00 - 22:00,https://www.menu.am/restaurant/pushkini-ghars.html,5
Քամանչա Ռեստորան,Հայկական,10:00 - 23:00,https://www.menu.am/restaurant/qamancha-restaurant.html,4
Վայն Ռեփաբլիկ,"Եվրոպական, Թայլանդական",12:00 - 21:30,https://www.menu.am/restaurant/wine-republic.html,5
ՍԿԱՏ Բիր Հաուս,Գարեջրատուն և Փաբ,13:00 - 23:45,https://www.menu.am/restaurant/skat-beer-house.html,0
Գոգնոց,Հայկական,09:00 - 21:00,https://www.menu.am/restaurant/gognoc.html,0
Գաթա,Քաղցրավենիք,09:00 - 22:00,https://www.menu.am/restaurant/gata-cakes-and-bakery.html,0
ՀՈՈՒԼ,Ըմպելիքներ և Խորտիկներ,12:00 - 19:00,https://www.menu.am/restaurant/houl.html,5
Banjareghen.am,"Միրգ և բանջարեղեն, Հայկական",08:30 - 22:00,https://www.menu.am/restaurant/banjareghenam.html,5
Ծխախոտի Տաքացման Համակարգ IQOS (Թումանյան),Եվրոպական,08:00 - 00:00,https://www.menu.am/restaurant/iqos-tobacco-heating-system-tumanyan.html,0
Ավենյու բայ Լ Օրանժ,Ասիական,10:00 - 22:00,https://www.menu.am/restaurant/avenue-by-l-orange.html,0
Մարտինի Ռոյալ,Եվրոպական,10:00 - 19:00,https://www.menu.am/restaurant/martini-royale.html,5
Սանտաֆե,Եվրոպական,12:00 - 22:00,https://www.menu.am/restaurant/santafe.html,0
Մաքուր Տուն,Կենցաղային և տնտեսական պարագաներ,09:00 - 22:00,https://www.menu.am/restaurant/clean-house.html,0
ԺանՄարի,Հայկական,10:00 - 22:00,https://www.menu.am/restaurant/janmari.html,0
Յասաման,Հայկական,10:00 - 23:00,https://www.menu.am/restaurant/yasaman.html,4.1
Շեֆ բայ Արտեզիանիկա էնդ Գուռու,Կիսաֆաբրիկատներ,08:30 - 23:00,https://www.menu.am/restaurant/chief-by-artezianca-and-gouroo.html,0
Դը Լոֆթ,Եվրոպական,24 ժամ,https://www.menu.am/restaurant/the-loft.html,4
Մասուր Ռեստորան,Եվրոպական,09:00 - 19:00,https://www.menu.am/restaurant/masoor-restaurant.html,0
Կարաս Գինիներ,Ըմպելիքներ և Խորտիկներ,09:30 - 22:00,https://www.menu.am/restaurant/karas-wine.html,0
Կիկոս Թխվածք և Պիցցա,Իտալական,Փակ է,https://www.menu.am/restaurant/kikos-dessert-and-pizza.html,0
Բարի Կաֆե և Ռեստորան,Եվրոպական,10:30 - 21:00,https://www.menu.am/restaurant/bari-cafe-and-restaurant.html,0
Բիգ Շարկ,Ճապոնական,10:00 - 20:00,https://www.menu.am/restaurant/big-shark.html,0
Ակցենտ ծորակների և ցնցուղների ցուցասրահ,Կենցաղային և տնտեսական պարագաներ,10:00 - 19:00,https://www.menu.am/restaurant/akcent-faucet-and-shower-showroom.html,0
Միս Կոմբինատ N1,Հայկական,09:00 - 22:00,https://www.menu.am/restaurant/meat-combinat-n1.html,5
Ամրակ,Մանկական,09:00 - 21:00,https://www.menu.am/restaurant/amrak-stationery.html,0
Նոր Համ,Հայկական,10:00 - 20:00,https://www.menu.am/restaurant/new-taste.html,1
Պիցցերիա Քրեյզի Բրադերս,Իտալական,11:00 - 00:00,https://www.menu.am/restaurant/pizzeria-crazy-brothers.html,3.7
Կովկաս Պանդոկ,"Արցախյան, Հայկական, Վրացական",24 ժամ,https://www.menu.am/restaurant/kovkas.html,4.1
Լիբանանյան շաուրմա ,"Լիբանանյան, Արևելյան",14:00 - 04:00,https://www.menu.am/restaurant/lebanon-shawarma.html,4
Լաբիրինթ,"Եվրոպական, Հայկական",11:00 - 02:30,https://www.menu.am/restaurant/labeerint.html,4.2
Լյումիեր,ՆՎԵՐ ՔԱՐՏԵՐ,10:00 - 21:00,https://www.menu.am/restaurant/lumiere-gift-card.html,0
Հռոմ Ռեստորան,Եվրոպական,10:00 - 21:00,https://www.menu.am/restaurant/rome-restaurant.html,0
Մինուռ,Եվրոպական,09:00 - 22:00,https://www.menu.am/restaurant/minour.html,0
Հարվի,"Միրգ և բանջարեղեն, Գաստրոնոմ, Հայկական",09:00 - 18:00,https://www.menu.am/restaurant/harvy.html,0
Բլեք Սթար Բուրգեր,Ամերիկյան,11:00 - 02:00,https://www.menu.am/restaurant/black-star-burger.html,4.4
Թալինի Թոնրատուն,Հայկական,09:00 - 20:50,https://www.menu.am/restaurant/talini-tonratun.html,3.3
Դեգուսթեյշն,"Ամերիկյան, Արևելյան, Իտալական, Հայկական, Մեքսիկական",11:00 - 21:30,https://www.menu.am/restaurant/degustation.html,4.6
Պիցցա Թայմ,Իտալական,10:00 - 23:30,https://www.menu.am/restaurant/pizza-time.html,5
Լազիզ,"Արևելյան, Եվրոպական",11:00 - 23:00,https://www.menu.am/restaurant/laziz.html,4.1
Լյուքսուս Հաուս,ՆՎԵՐ ՔԱՐՏԵՐ,11:00 - 19:00,https://www.menu.am/restaurant/luxus-haus-gift-card.html,0
Պիվնիցա,Գարեջրատուն և Փաբ,12:00 - 23:00,https://www.menu.am/restaurant/pivnitsa.html,1
Թոմի Հիլֆիգեր,ՆՎԵՐ ՔԱՐՏԵՐ,10:30 - 21:30,https://www.menu.am/restaurant/tommy-hilfiger-gift-card.html,5
Օստ Գինի և Ուտելիք,"Արևելյան, Հայկական",11:00 - 23:30,https://www.menu.am/restaurant/ost-foods-and-wine.html,3.9
Քելվին Քլայն,ՆՎԵՐ ՔԱՐՏԵՐ,10:30 - 21:30,https://www.menu.am/restaurant/calvin-klein-gift-card.html,0
Բաբելոն Ռեստորան,Արևելյան,10:00 - 22:30,https://www.menu.am/restaurant/babylon.html,4
Խուտոռոկ,Ուկրաինական,10:00 - 21:00,https://www.menu.am/restaurant/khutorok.html,0
Նաիրիան,"Գեղեցկություն և առողջություն, Արտադրված է Հայաստանում",10:00 - 20:00,https://www.menu.am/restaurant/nairian.html,0
Ֆիկա Սուրճ,Սուրճ և Թեյ,09:00 - 18:00,https://www.menu.am/restaurant/fika-coffee.html,0
Վեգա,ՆՎԵՐ ՔԱՐՏԵՐ,10:00 - 20:00,https://www.menu.am/restaurant/vega-gift-card.html,0
Պիցցա Փարթի,Իտալական,11:00 - 23:00,https://www.menu.am/restaurant/pizza-party.html,4.2
Բիբլոս,Արևելյան,11:00 - 22:45,https://www.menu.am/restaurant/byblos.html,4.1
Փասթրամի,Ամերիկյան,11:00 - 00:00,https://www.menu.am/restaurant/pastrami.html,4.5
Մուզ Կաֆե,Իտալական,11:00 - 23:59,https://www.menu.am/restaurant/muz-cafe.html,0
Փոմ Թրի,"Արևելյան, Եվրոպական, Հայկական",12:00 - 23:00,https://www.menu.am/restaurant/pome-tree.html,0
Փիթսա Փազտա,Իտալական,11:00 - 00:00,https://www.menu.am/restaurant/pitsa-pazta.html,4.8
Օրիենտո,Արևելյան,11:00 - 21:30,https://www.menu.am/restaurant/oriento.html,0
Մոնո,"Քաղցրավենիք, Հացաբուլկեղեն",10:30 - 20:00,https://www.menu.am/restaurant/mono.html,4.4
Ինդիան Մեհակ Ռեստորան,"Ասիական, Հնդկական",13:00 - 22:30,https://www.menu.am/restaurant/indian-mehak-restaurant.html,4.2
Ռուբի,Եվրոպական,09:00 - 23:30,https://www.menu.am/restaurant/rooby.html,0
Իթ ընդ Ֆիթ,"Եվրոպական, Նախաճաշ",09:00 - 20:00,https://www.menu.am/restaurant/eat-and-fit.html,4.8
Յամ-Յամ Դոնաթս Աբովյան,"Քաղցրավենիք, Ամերիկյան",11:00 - 20:00,https://www.menu.am/restaurant/yum-yum-donuts-yerevan.html,4.5
Օստ Բիստրո,"Արևելյան, Հայկական",10:30 - 21:30,https://www.menu.am/restaurant/ost-bistro-mashtots.html,4.2
Սաբթայթլ,"Ամերիկյան, Բուրգեր և Սենդվիչ",10:00 - 23:59,https://www.menu.am/restaurant/subtitle.html,4.6
Ռեյմա Ռիո մոլ,ՆՎԵՐ ՔԱՐՏԵՐ,12:00 - 22:00,https://www.menu.am/restaurant/reyma-gift-card-rio-mall.html,0
Զեյթունա,"Արևելյան, Սիրիական",12:00 - 23:00,https://www.menu.am/restaurant/zeituna.html,4.4
ՓիթՍտոպ Բուրգեր ,Ամերիկյան,11:00 - 04:00,https://www.menu.am/restaurant/pitstop-burger.html,4.6
Ջազզվե,Եվրոպական,10:00 - 00:00,https://www.menu.am/restaurant/jazzve.html,3
ԳԻՊՖԵԼ,ՆՎԵՐ ՔԱՐՏԵՐ,10:00 - 22:00,https://www.menu.am/restaurant/gipfel-gift-card.html,0
Թայ Թեյք Ուեյ,Թայլանդական,10:00 - 20:00,https://www.menu.am/restaurant/thai-take-away.html,0
Գարուն բայ Առողջ Սնունդ,Եվրոպական,10:00 - 19:00,https://www.menu.am/restaurant/garun-by-aroghj-snund.html,3.9
Փարաքարի շաուրմա և Թուրինգյան բրաթվուրստ,Գերմանական,10:00 - 19:00,https://www.menu.am/restaurant/paraqari-shawarma-and-thuringer-bratwurst.html,4.9
Արաքս Ռեստորան,Արևելյան,11:00 - 22:00,https://www.menu.am/restaurant/araks-restaurant.html,4.1
Կասա դե Էսպանա,"Եվրոպական, Իսպանական",12:00 - 19:00,https://www.menu.am/restaurant/casa-de-espana.html,2.7
Մր. Գիրոս,"Եվրոպական, Հունական",10:00 - 01:00,https://www.menu.am/restaurant/mr-gyros-komitas.html,4.4
Վոկ ընդ Ռոլ,"Ասիական, Թայլանդական",11:00 - 23:45,https://www.menu.am/restaurant/wok-and-roll.html,4
Նյու ՏԱՕ,"Չինական, Ասիական, Ճապոնական",10:30 - 23:30,https://www.menu.am/restaurant/new-tao.html,4.5
Սերգեյ Զվերևի Բյութի Սալոն,ՆՎԵՐ ՔԱՐՏԵՐ,10:00 - 19:00,https://www.menu.am/restaurant/beauty-salon-sergey-zverev-gift-card.html,0
Կաֆե Ցենտրալ Ռեստորան,Եվրոպական,11:00 - 23:00,https://www.menu.am/restaurant/cafe-central-restaurant.html,5
Գերմանական Դոնեռ,"Գերմանական, Արևելյան",Փակ է,https://www.menu.am/restaurant/german-doner.html,3.9
Զանգակ Գրատուն,Գրքեր,09:00 - 14:00,https://www.menu.am/restaurant/zangak-gratun.html,5
Մամիտաս Ֆիլիպինյան Խոհանոց,Ասիական,11:00 - 22:30,https://www.menu.am/restaurant/mamitas-filipino-cuisine.html,3.5
Պարտեզ Թոնրատուն,Հայկական,10:00 - 23:59,https://www.menu.am/restaurant/partez-tonratun.html,4.3
Սերվիս Լենդ,"Միրգ և բանջարեղեն, Հայկական",09:00 - 21:00,https://www.menu.am/restaurant/service-land.html,5
Տորտիտո,Գաստրոնոմ,10:00 - 21:00,https://www.menu.am/restaurant/tortito.html,5
Կանթեղ Ռեստորան,"Եվրոպական, Հայկական",10:00 - 23:30,https://www.menu.am/restaurant/kantegh-restaurant.html,3.9
Գուդիս Բուրգեր Հաուս,Հունական,12:00 - 22:00,https://www.menu.am/restaurant/goodys-burger-house.html,3.6
Ֆլաուերս Հոմ,Ծաղիկներ և Փուչիկներ,24 ժամ,https://www.menu.am/restaurant/flower-s-home.html,5
Պաստա Հաուս,Իտալական,10:30 - 23:59,https://www.menu.am/restaurant/pasta-house.html,2
Ֆեմիլի Հաուս Ռեստորան,Հայկական,12:00 - 19:00,https://www.menu.am/restaurant/family-house-restaurant.html,4.4
21 Սուշի Քլաբ,Ճապոնական,14:00 - 02:00,https://www.menu.am/restaurant/21-sushi-club.html,4.2
Թոշկա,Սիրիական,11:00 - 18:00,https://www.menu.am/restaurant/toshka.html,3
Համով Հոտով,Հայկական,10:00 - 00:00,https://www.menu.am/restaurant/hamov-hotov.html,4.1
Բուկինիստ Գրախանութների Ցանց,ՆՎԵՐ ՔԱՐՏԵՐ,10:00 - 21:00,https://www.menu.am/restaurant/bookinist-bookstores-chain-gift-card.html,0
Պոնչի Ղարս,Հայկական,10:00 - 22:30,https://www.menu.am/restaurant/ponchi-ghars.html,5
Սիթի Թրեյլեր,Եվրոպական,10:00 - 23:00,https://www.menu.am/restaurant/city-trailer.html,0
Մայ Ռոզ,Ծաղիկներ և Փուչիկներ,09:00 - 00:30,https://www.menu.am/restaurant/my-rose-flowers.html,2.5
Պիցցա Հատ,Ամերիկյան,10:00 - 22:00,https://www.menu.am/restaurant/pizza-hut.html,4.2
Grill.am,Հայկական,24 ժամ,https://www.menu.am/restaurant/grillam.html,4.3
Haf-Haf,Ընտանի կենդանիների կերեր,10:00 - 22:00,https://www.menu.am/restaurant/haf-haf.html,4.4
Ալֆա Ֆարմ,"Գեղեցկություն և առողջություն, Մանկական",24 ժամ,https://www.menu.am/restaurant/alfa-pharm.html,5
ԱԿՕ Սուշի,Ճապոնական,10:00 - 03:00,https://www.menu.am/restaurant/ako-sushi.html,4.3
Դռագոն Գարդեն,"Չինական, Ասիական, Թայլանդական",11:30 - 23:30,https://www.menu.am/restaurant/dragon-garden.html,4.7
Մամա Միա,"Եվրոպական, Իտալական",10:30 - 00:00,https://www.menu.am/restaurant/mama-mia.html,4.7
Գաստրոպոլիս,"Ասիական, Արևելյան, Իտալական, Հայկական",10:00 - 21:00,https://www.menu.am/restaurant/gastropolis.html,3.9
Լա Քուչինա,"Եվրոպական, Իտալական",11:00 - 23:00,https://www.menu.am/restaurant/la-cucina.html,4.4
Բոլիվուդ Կաֆե,"Ասիական, Հնդկական",09:00 - 23:30,https://www.menu.am/restaurant/bollywood-cafe.html,2.8
Մաթևոսյան Վայն,Ըմպելիքներ և Խորտիկներ,10:00 - 17:00,https://www.menu.am/restaurant/matevosyan-wine.html,5
Ճրագ,Հայկական,10:00 - 23:00,https://www.menu.am/restaurant/chrag.html,3.7
Հայաթ Շաուրմա,Արաբական,11:00 - 21:00,https://www.menu.am/restaurant/hayat-shaurma.html,5
Կարպիզա,ՆՎԵՐ ՔԱՐՏԵՐ,11:00 - 20:30,https://www.menu.am/restaurant/carpisa-gift-card.html,0
ՍակՎոյաժ,ՆՎԵՐ ՔԱՐՏԵՐ,10:00 - 22:00,https://www.menu.am/restaurant/sacvoyage-gift-card.html,0
Ֆուգու,"Ասիական, Թայլանդական",11:00 - 23:45,https://www.menu.am/restaurant/fugu.html,3.8
Քուին Լանջըրի,ՆՎԵՐ ՔԱՐՏԵՐ,10:00 - 22:00,https://www.menu.am/restaurant/queen-lingerie-gift-card.html,0
ՎիԲիս Բուրգեր,Ամերիկյան,12:00 - 04:00,https://www.menu.am/restaurant/vbs-burger.html,4.3
Միհուլ Հնդկական Ռեստորան,"Ասիական, Հնդկական",12:30 - 23:00,https://www.menu.am/restaurant/mihul.html,3.8
Փեն Բոքս,ՆՎԵՐ ՔԱՐՏԵՐ,09:00 - 21:00,https://www.menu.am/restaurant/pen-box-gift-card.html,0
Մոն Բլան,ՆՎԵՐ ՔԱՐՏԵՐ,10:00 - 22:00,https://www.menu.am/restaurant/mont-blanc-gift-card.html,0
Ալիսա Քեյք,Քաղցրավենիք,08:00 - 18:00,https://www.menu.am/restaurant/alisa-cake.html,0
Էքուիփ,ՆՎԵՐ ՔԱՐՏԵՐ,10:00 - 22:00,https://www.menu.am/restaurant/equip-gift-card.html,0
Մամս Բեյքերի,"Քաղցրավենիք, Հացաբուլկեղեն",09:00 - 21:00,https://www.menu.am/restaurant/mom-s-bakery.html,5
ՄիլԱնի,Ծաղիկներ և Փուչիկներ,10:00 - 00:00,https://www.menu.am/restaurant/milani.html,0
Նաիրիան Նվեր Քարտ,ՆՎԵՐ ՔԱՐՏԵՐ,10:00 - 20:00,https://www.menu.am/restaurant/nairian-gift-card.html,0
Հեյզ,ՆՎԵՐ ՔԱՐՏԵՐ,10:00 - 20:00,https://www.menu.am/restaurant/haze-gift-card.html,0
Կալիպսո Դալմա Գարդեն մոլլ,ՆՎԵՐ ՔԱՐՏԵՐ,10:00 - 22:00,https://www.menu.am/restaurant/calypso-gift-card.html,0
Պիցցա Ռիալտո,Իտալական,11:00 - 23:59,https://www.menu.am/restaurant/pizza-rialto.html,3.2
Գուռու Ակումբ և Այգի,"Քաղցրավենիք, Եվրոպական",10:00 - 23:00,https://www.menu.am/restaurant/gouroo-club-and-garden.html,4.2
Ֆլեյվրս օֆ Ինդիա,"Ասիական, Հնդկական",08:00 - 22:45,https://www.menu.am/restaurant/flavours-of-india.html,3
10-ից 10 Ռեստորան,Հայկական,10:00 - 00:00,https://www.menu.am/restaurant/10-from-10-restaurant.html,0
Բեքյարդ,"Ամերիկյան, Իտալական",10:00 - 22:00,https://www.menu.am/restaurant/backyard.html,4.3
SushiMall.am,"Չինական, Ասիական, Ճապոնական",11:00 - 00:00,https://www.menu.am/restaurant/sushimallam.html,3.8
Սոհո,"Քաղցրավենիք, Սուրճ և Թեյ",09:00 - 23:00,https://www.menu.am/restaurant/soho-patisserie-and-chocolaterie.html,4.6
Ապերիտիվո,Եվրոպական,07:00 - 01:00,https://www.menu.am/restaurant/aperitivo.html,5
